{
    "COMPONENT_AUTHOR_LABEL": "Autor",
    "COMPONENT_BODY_LABEL": "Text",
    "COMPONENT_CONTAINER_LABEL": "Container",
    "COMPONENT_CROSSHEAD_LABEL": "Zwischenüberschrift",
    "COMPONENT_EMBED_LABEL": "Einbetten",
    "COMPONENT_FOOTER_LABEL": "Fußzeile",
    "COMPONENT_HEADLINE_LABEL": "Kopfzusammenfasung",
    "COMPONENT_HERO_LABEL": "Primär",
    "COMPONENT_IMAGE_LABEL": "Bild",
    "COMPONENT_INTERACTIVE_LABEL": "Interaktiv",
    "COMPONENT_INTRO_LABEL": "Einleitung",
    "COMPONENT_PRODUCT_LABEL": "Produkt",
    "COMPONENT_QUOTE_LABEL": "Zitat",
    "COMPONENT_SEPARATOR_LABEL": "Trennzeichen",
    "COMPONENT_SLIDESHOW_LABEL": "Diashow",
    "COMPONENT_SLIDESHOW_PROPERTIES_HEADER_LABEL": "Folienshow-Eigenschaften",
    "COMPONENT_SOCIAL_MEDIA_LABEL": "Social Media",
    "COMPONENT_SUBTITLE_LABEL": "Untertitel",
    "COMPONENT_TITLE_LABEL": "Titel",
    "COMPONENT_VIDEO_LABEL": "Video",
    "GROUP_LAYOUT_LABEL": "Layout",
    "GROUP_MEDIA_LABEL": "Medien",
    "GROUP_TEXT_LABEL": "Text",
    "GROUP_TITLE_LABEL": "Titel",
    "PROPERTY_AUTO_NUMBER_PLACEHOLDER": "Geben Sie „auto“ oder eine Zahl ein...",
    "PROPERTY_AUTO_PLAY_LABEL": "Automatisch abspielen",
    "PROPERTY_BACKGROUND_COLOR_LABEL": "Hintergrundfarbe",
    "PROPERTY_CAPTION_BOTTOM_LEFT_OPTION": "Beschreibung unten links",
    "PROPERTY_CAPTION_BOTTOM_OPTION": "Beschreibung unten",
    "PROPERTY_CAPTION_BOTTOM_RIGHT_OPTION": "Beschreibung unten rechts",
    "PROPERTY_CAPTION_LABEL": "Abbildung",
    "PROPERTY_CAPTION_NONE_OPTION": "Kein Untertitel",
    "PROPERTY_CAPTION_OUTSIDE_OPTION": "Äußere Beschreibung",
    "PROPERTY_CAPTION_TOP_LEFT_OPTION": "Beschreibung oben links",
    "PROPERTY_CAPTION_TOP_OPTION": "Beschreibung oben",
    "PROPERTY_CAPTION_TOP_RIGHT_OPTION": "Beschreibung oben rechts",
    "PROPERTY_DISABLE_FULLSCREEN_LABEL": "Vollbild deaktivieren (Adobe AEM)",
    "PROPERTY_DROP_CAP_LABEL": "Initiale",
    "PROPERTY_EDIT_IMAGE_LABEL": "Bild bearbeiten",
    "PROPERTY_EMBED_CODE_LABEL": "Code einbetten",
    "PROPERTY_EMBED_CODE_PLACEHOLDER": "Einbett-Code hier einfügen",
    "PROPERTY_FITTING_LABEL": "Einpassung",
    "PROPERTY_FIXED_BACKGROUND_LABEL": "Fester Hintergrund",
    "PROPERTY_HYPERLINK_LABEL": "Hyperlink",
    "PROPERTY_HYPERLINK_PLACEHOLDER": "http://",
    "PROPERTY_LETTER_SPACING_LABEL": "Zeichenabstand",
    "PROPERTY_LINE_HEIGHT_LABEL": "Zeilenabstand",
    "PROPERTY_MEDIA_PROPERTIES_LABEL": "Medieneigenschaften",
    "PROPERTY_PLAY_ORIENTATION_HORIZONTAL_OPTION": "Horizontal",
    "PROPERTY_PLAY_ORIENTATION_LABEL": "Ausrichtung",
    "PROPERTY_PLAY_ORIENTATION_VERTICAL_OPTION": "Vertikal",
    "PROPERTY_POSITION_LABEL": "Position",
    "PROPERTY_POSITION_LEFT_OPTION": "Links",
    "PROPERTY_POSITION_MIDDLE_OPTION": "Mittig",
    "PROPERTY_POSITION_RIGHT_OPTION": "Rechts",
    "PROPERTY_SHOW_FILMSTRIP_LABEL": "Filmstreifen anzeigen",
    "PROPERTY_SLIDES_LABEL": "Folien",
    "PROPERTY_STYLE_DEFAULT_OPTION": "Standard",
    "PROPERTY_TEXT_ALIGN_LABEL": "Textausrichtung",
    "PROPERTY_VARIANT_LABEL": "Stilvariante",
    "PROPERTY_VARIANT_STYLE_OPTION": "Option {{0}}",
    "TEMPLATE_AUTHOR_LINK_PLACEHOLDER": "@twitter",
    "TEMPLATE_AUTHOR_LOCATION_PLACEHOLDER": "Standort",
    "TEMPLATE_HEADLINE_SECTION_PLACEHOLDER": "Ressort",
    "TEMPLATE_PRODUCT_DESCRIPTION_PLACEHOLDER": "Beschreiben Sie das Produkt kurz.",
    "TEMPLATE_PRODUCT_LINK_PLACEHOLDER": "www.example.com",
    "TEMPLATE_PRODUCT_PRICE_PLACEHOLDER": "Produktpreis",
    "TEMPLATE_PRODUCT_TITLE_PLACEHOLDER": "Produktbezeichnung"
}
