{
    "COMPONENT_AUTHOR_LABEL": "Author",
    "COMPONENT_BODY_LABEL": "Body",
    "COMPONENT_CONTAINER_LABEL": "Container",
    "COMPONENT_CROSSHEAD_LABEL": "Crosshead",
    "COMPONENT_EMBED_LABEL": "Embed",
    "COMPONENT_FOOTER_LABEL": "Footer",
    "COMPONENT_HEADLINE_LABEL": "Standfirst",
    "COMPONENT_HERO_LABEL": "Hero",
    "COMPONENT_IMAGE_LABEL": "Image",
    "COMPONENT_INTERACTIVE_LABEL": "Interactive",
    "COMPONENT_INTRO_LABEL": "Intro",
    "COMPONENT_PRODUCT_LABEL": "Product",
    "COMPONENT_QUOTE_LABEL": "Quote",
    "COMPONENT_SEPARATOR_LABEL": "Separator",
    "COMPONENT_SLIDESHOW_LABEL": "Slideshow",
    "COMPONENT_SLIDESHOW_PROPERTIES_HEADER_LABEL": "Slideshow properties",
    "COMPONENT_SOCIAL_MEDIA_LABEL": "Social Media",
    "COMPONENT_SUBTITLE_LABEL": "Subtitle",
    "COMPONENT_TITLE_LABEL": "Title",
    "COMPONENT_VIDEO_LABEL": "Video",
    "GROUP_LAYOUT_LABEL": "Layout",
    "GROUP_MEDIA_LABEL": "Media",
    "GROUP_TEXT_LABEL": "Text",
    "GROUP_TITLE_LABEL": "Title",
    "PROPERTY_AUTO_NUMBER_PLACEHOLDER": "Type ‘auto’ or any number…",
    "PROPERTY_AUTO_PLAY_LABEL": "Auto-play",
    "PROPERTY_BACKGROUND_COLOR_LABEL": "Background color",
    "PROPERTY_CAPTION_BOTTOM_LEFT_OPTION": "Bottom-left caption",
    "PROPERTY_CAPTION_BOTTOM_OPTION": "Bottom caption",
    "PROPERTY_CAPTION_BOTTOM_RIGHT_OPTION": "Bottom-right caption",
    "PROPERTY_CAPTION_LABEL": "Caption",
    "PROPERTY_CAPTION_NONE_OPTION": "No caption",
    "PROPERTY_CAPTION_OUTSIDE_OPTION": "Outside caption",
    "PROPERTY_CAPTION_TOP_LEFT_OPTION": "Top-left caption",
    "PROPERTY_CAPTION_TOP_OPTION": "Top-caption",
    "PROPERTY_CAPTION_TOP_RIGHT_OPTION": "Top-right caption",
    "PROPERTY_DISABLE_FULLSCREEN_LABEL": "Disable fullscreen (Adobe AEM)",
    "PROPERTY_DROP_CAP_LABEL": "Drop cap",
    "PROPERTY_EDIT_IMAGE_LABEL": "Edit image",
    "PROPERTY_EMBED_CODE_LABEL": "Embed code",
    "PROPERTY_EMBED_CODE_PLACEHOLDER": "Paste embed code here",
    "PROPERTY_FITTING_LABEL": "Fitting",
    "PROPERTY_FIXED_BACKGROUND_LABEL": "Fixed background",
    "PROPERTY_HYPERLINK_LABEL": "Hyperlink",
    "PROPERTY_HYPERLINK_PLACEHOLDER": "http://",
    "PROPERTY_LETTER_SPACING_LABEL": "Character spacing",
    "PROPERTY_LINE_HEIGHT_LABEL": "Line spacing",
    "PROPERTY_MEDIA_PROPERTIES_LABEL": "Media properties",
    "PROPERTY_PLAY_ORIENTATION_HORIZONTAL_OPTION": "Horizontal",
    "PROPERTY_PLAY_ORIENTATION_LABEL": "Orientation",
    "PROPERTY_PLAY_ORIENTATION_VERTICAL_OPTION": "Vertical",
    "PROPERTY_POSITION_LABEL": "Position",
    "PROPERTY_POSITION_LEFT_OPTION": "Left",
    "PROPERTY_POSITION_MIDDLE_OPTION": "Middle",
    "PROPERTY_POSITION_RIGHT_OPTION": "Right",
    "PROPERTY_SHOW_FILMSTRIP_LABEL": "Show filmstrip",
    "PROPERTY_SLIDES_LABEL": "Slides",
    "PROPERTY_STYLE_DEFAULT_OPTION": "Default",
    "PROPERTY_TEXT_ALIGN_LABEL": "Text alignment",
    "PROPERTY_VARIANT_LABEL": "Style variant",
    "PROPERTY_VARIANT_STYLE_OPTION": "Option {{0}}",
    "TEMPLATE_AUTHOR_LINK_PLACEHOLDER": "@twitter",
    "TEMPLATE_AUTHOR_LOCATION_PLACEHOLDER": "Location",
    "TEMPLATE_HEADLINE_SECTION_PLACEHOLDER": "Section",
    "TEMPLATE_PRODUCT_DESCRIPTION_PLACEHOLDER": "Write a short description of the product.",
    "TEMPLATE_PRODUCT_LINK_PLACEHOLDER": "www.example.com",
    "TEMPLATE_PRODUCT_PRICE_PLACEHOLDER": "Product price",
    "TEMPLATE_PRODUCT_TITLE_PLACEHOLDER": "Product name"
}
