{
    "COMPONENT_AUTHOR_LABEL": "Autor",
    "COMPONENT_BODY_LABEL": "Cuerpo",
    "COMPONENT_CONTAINER_LABEL": "Contenedor",
    "COMPONENT_CROSSHEAD_LABEL": "Cruceta",
    "COMPONENT_EMBED_LABEL": "Incrustar",
    "COMPONENT_FOOTER_LABEL": "Pie de página",
    "COMPONENT_HEADLINE_LABEL": "Subtítulo",
    "COMPONENT_HERO_LABEL": "Héroe",
    "COMPONENT_IMAGE_LABEL": "Imagen",
    "COMPONENT_INTERACTIVE_LABEL": "Interactivo",
    "COMPONENT_INTRO_LABEL": "Introducción",
    "COMPONENT_PRODUCT_LABEL": "Producto",
    "COMPONENT_QUOTE_LABEL": "Cita",
    "COMPONENT_SEPARATOR_LABEL": "Separador",
    "COMPONENT_SLIDESHOW_LABEL": "Fotogalería",
    "COMPONENT_SLIDESHOW_PROPERTIES_HEADER_LABEL": "Propiedades de presentación",
    "COMPONENT_SOCIAL_MEDIA_LABEL": "Redes sociales",
    "COMPONENT_SUBTITLE_LABEL": "Subtítulo",
    "COMPONENT_TITLE_LABEL": "Título",
    "COMPONENT_VIDEO_LABEL": "Vídeo",
    "GROUP_LAYOUT_LABEL": "Diseño",
    "GROUP_MEDIA_LABEL": "Medios",
    "GROUP_TEXT_LABEL": "Texto",
    "GROUP_TITLE_LABEL": "Título",
    "PROPERTY_AUTO_NUMBER_PLACEHOLDER": "Escriba ‘auto’ o cualquier número...",
    "PROPERTY_AUTO_PLAY_LABEL": "Reproducción automática",
    "PROPERTY_BACKGROUND_COLOR_LABEL": "Color de fondo",
    "PROPERTY_CAPTION_BOTTOM_LEFT_OPTION": "Pie abajo, a la izquierda",
    "PROPERTY_CAPTION_BOTTOM_OPTION": "Pie abajo",
    "PROPERTY_CAPTION_BOTTOM_RIGHT_OPTION": "Pie abajo, a la derecha",
    "PROPERTY_CAPTION_LABEL": "Subtítulo",
    "PROPERTY_CAPTION_NONE_OPTION": "Sin pie de imagen",
    "PROPERTY_CAPTION_OUTSIDE_OPTION": "Pie exterior",
    "PROPERTY_CAPTION_TOP_LEFT_OPTION": "Pie arriba, a la izquierda",
    "PROPERTY_CAPTION_TOP_OPTION": "Pie arriba",
    "PROPERTY_CAPTION_TOP_RIGHT_OPTION": "Pie arriba, a la derecha",
    "PROPERTY_DISABLE_FULLSCREEN_LABEL": "Inhabilitar pantalla completa (Adobe AEM)",
    "PROPERTY_DROP_CAP_LABEL": "Capitular",
    "PROPERTY_EDIT_IMAGE_LABEL": "Editar imagen",
    "PROPERTY_EMBED_CODE_LABEL": "Código de inserción",
    "PROPERTY_EMBED_CODE_PLACEHOLDER": "Pegue aquí el código de inserción",
    "PROPERTY_FITTING_LABEL": "Ajuste",
    "PROPERTY_FIXED_BACKGROUND_LABEL": "Fondo fijo",
    "PROPERTY_HYPERLINK_LABEL": "Hipervínculo",
    "PROPERTY_HYPERLINK_PLACEHOLDER": "http://",
    "PROPERTY_LETTER_SPACING_LABEL": "Espaciamiento de caracteres",
    "PROPERTY_LINE_HEIGHT_LABEL": "Interlineado",
    "PROPERTY_MEDIA_PROPERTIES_LABEL": "Propiedades de medios",
    "PROPERTY_PLAY_ORIENTATION_HORIZONTAL_OPTION": "Horizontal",
    "PROPERTY_PLAY_ORIENTATION_LABEL": "Orientación",
    "PROPERTY_PLAY_ORIENTATION_VERTICAL_OPTION": "Vertical",
    "PROPERTY_POSITION_LABEL": "Posición:",
    "PROPERTY_POSITION_LEFT_OPTION": "Izquierda",
    "PROPERTY_POSITION_MIDDLE_OPTION": "Medio",
    "PROPERTY_POSITION_RIGHT_OPTION": "Derecha",
    "PROPERTY_SHOW_FILMSTRIP_LABEL": "Mostrar transparencias",
    "PROPERTY_SLIDES_LABEL": "Diapositivas",
    "PROPERTY_STYLE_DEFAULT_OPTION": "Predeterminado",
    "PROPERTY_TEXT_ALIGN_LABEL": "Alineación del texto",
    "PROPERTY_VARIANT_LABEL": "Variante de estilo",
    "PROPERTY_VARIANT_STYLE_OPTION": "Opción {{0}}",
    "TEMPLATE_AUTHOR_LINK_PLACEHOLDER": "@twitter",
    "TEMPLATE_AUTHOR_LOCATION_PLACEHOLDER": "Ubicación",
    "TEMPLATE_HEADLINE_SECTION_PLACEHOLDER": "Sección",
    "TEMPLATE_PRODUCT_DESCRIPTION_PLACEHOLDER": "Escriba una breve descripción del producto.",
    "TEMPLATE_PRODUCT_LINK_PLACEHOLDER": "www.example.com",
    "TEMPLATE_PRODUCT_PRICE_PLACEHOLDER": "Precio del producto",
    "TEMPLATE_PRODUCT_TITLE_PLACEHOLDER": "Nombre del producto"
}
