{
    "COMPONENT_AUTHOR_LABEL": "Auteur",
    "COMPONENT_BODY_LABEL": "Corps",
    "COMPONENT_CONTAINER_LABEL": "Conteneur",
    "COMPONENT_CROSSHEAD_LABEL": "Titre sur plusieurs colonnes",
    "COMPONENT_EMBED_LABEL": "Incorporer",
    "COMPONENT_FOOTER_LABEL": "Pied de page",
    "COMPONENT_HEADLINE_LABEL": "Chapeau",
    "COMPONENT_HERO_LABEL": "Hero",
    "COMPONENT_IMAGE_LABEL": "Image",
    "COMPONENT_INTERACTIVE_LABEL": "Interactif",
    "COMPONENT_INTRO_LABEL": "Intro",
    "COMPONENT_PRODUCT_LABEL": "Produit",
    "COMPONENT_QUOTE_LABEL": "Citation",
    "COMPONENT_SEPARATOR_LABEL": "Séparateur",
    "COMPONENT_SLIDESHOW_LABEL": "Diaporama",
    "COMPONENT_SLIDESHOW_PROPERTIES_HEADER_LABEL": "Propriétés du diaporama",
    "COMPONENT_SOCIAL_MEDIA_LABEL": "Réseaux sociaux",
    "COMPONENT_SUBTITLE_LABEL": "Sous-titre",
    "COMPONENT_TITLE_LABEL": "Titre",
    "COMPONENT_VIDEO_LABEL": "Vidéo",
    "GROUP_LAYOUT_LABEL": "Mise en page",
    "GROUP_MEDIA_LABEL": "Support",
    "GROUP_TEXT_LABEL": "Texte",
    "GROUP_TITLE_LABEL": "Titre",
    "PROPERTY_AUTO_NUMBER_PLACEHOLDER": "Saisir « auto » ou un autre nombre...",
    "PROPERTY_AUTO_PLAY_LABEL": "Lecture automatique",
    "PROPERTY_BACKGROUND_COLOR_LABEL": "Couleur de l'arrière-plan",
    "PROPERTY_CAPTION_BOTTOM_LEFT_OPTION": "Légende inférieure gauche",
    "PROPERTY_CAPTION_BOTTOM_OPTION": "Légende inférieure",
    "PROPERTY_CAPTION_BOTTOM_RIGHT_OPTION": "Légende inférieure droite",
    "PROPERTY_CAPTION_LABEL": "Légende",
    "PROPERTY_CAPTION_NONE_OPTION": "Aucune légende",
    "PROPERTY_CAPTION_OUTSIDE_OPTION": "Légende extérieure",
    "PROPERTY_CAPTION_TOP_LEFT_OPTION": "Légende supérieure gauche",
    "PROPERTY_CAPTION_TOP_OPTION": "Légende supérieure",
    "PROPERTY_CAPTION_TOP_RIGHT_OPTION": "Légende supérieure droite",
    "PROPERTY_DISABLE_FULLSCREEN_LABEL": "Désactiver le plein écran (Adobe AEM)",
    "PROPERTY_DROP_CAP_LABEL": "Lettrine",
    "PROPERTY_EDIT_IMAGE_LABEL": "Modifier l'image",
    "PROPERTY_EMBED_CODE_LABEL": "Incorporer le code",
    "PROPERTY_EMBED_CODE_PLACEHOLDER": "Coller le code incorporé ici",
    "PROPERTY_FITTING_LABEL": "Ajustement",
    "PROPERTY_FIXED_BACKGROUND_LABEL": "Arrière-plan fixe",
    "PROPERTY_HYPERLINK_LABEL": "Hyperlien",
    "PROPERTY_HYPERLINK_PLACEHOLDER": "http://",
    "PROPERTY_LETTER_SPACING_LABEL": "Espacement des caractères",
    "PROPERTY_LINE_HEIGHT_LABEL": "Espacement des lignes",
    "PROPERTY_MEDIA_PROPERTIES_LABEL": "Propriétés de médias",
    "PROPERTY_PLAY_ORIENTATION_HORIZONTAL_OPTION": "Horizontal",
    "PROPERTY_PLAY_ORIENTATION_LABEL": "Orientation",
    "PROPERTY_PLAY_ORIENTATION_VERTICAL_OPTION": "Vertical",
    "PROPERTY_POSITION_LABEL": "Position",
    "PROPERTY_POSITION_LEFT_OPTION": "Gauche",
    "PROPERTY_POSITION_MIDDLE_OPTION": "Central",
    "PROPERTY_POSITION_RIGHT_OPTION": "Droite",
    "PROPERTY_SHOW_FILMSTRIP_LABEL": "Afficher la pellicule",
    "PROPERTY_SLIDES_LABEL": "Diapos",
    "PROPERTY_STYLE_DEFAULT_OPTION": "Défaut",
    "PROPERTY_TEXT_ALIGN_LABEL": "Alignement du texte",
    "PROPERTY_VARIANT_LABEL": "Variante de style",
    "PROPERTY_VARIANT_STYLE_OPTION": "Option {{0}}",
    "TEMPLATE_AUTHOR_LINK_PLACEHOLDER": "@twitter",
    "TEMPLATE_AUTHOR_LOCATION_PLACEHOLDER": "Emplacement",
    "TEMPLATE_HEADLINE_SECTION_PLACEHOLDER": "Section",
    "TEMPLATE_PRODUCT_DESCRIPTION_PLACEHOLDER": "Écrivez une courte description du produit.",
    "TEMPLATE_PRODUCT_LINK_PLACEHOLDER": "www.example.com",
    "TEMPLATE_PRODUCT_PRICE_PLACEHOLDER": "Prix du produit",
    "TEMPLATE_PRODUCT_TITLE_PLACEHOLDER": "Nom de produit"
}
