{
    "COMPONENT_AUTHOR_LABEL": "저자",
    "COMPONENT_BODY_LABEL": "Body",
    "COMPONENT_CONTAINER_LABEL": "컨테이너",
    "COMPONENT_CROSSHEAD_LABEL": "크로스헤드",
    "COMPONENT_EMBED_LABEL": "임베드",
    "COMPONENT_FOOTER_LABEL": "꼬리말",
    "COMPONENT_HEADLINE_LABEL": "소개 단락",
    "COMPONENT_HERO_LABEL": "영웅",
    "COMPONENT_IMAGE_LABEL": "화상",
    "COMPONENT_INTERACTIVE_LABEL": "대화 형",
    "COMPONENT_INTRO_LABEL": "Intro",
    "COMPONENT_PRODUCT_LABEL": "제품",
    "COMPONENT_QUOTE_LABEL": "인용문",
    "COMPONENT_SEPARATOR_LABEL": "분리",
    "COMPONENT_SLIDESHOW_LABEL": "슬라이드 쇼",
    "COMPONENT_SLIDESHOW_PROPERTIES_HEADER_LABEL": "슬라이드 쇼 속성",
    "COMPONENT_SOCIAL_MEDIA_LABEL": "소셜 미디어",
    "COMPONENT_SUBTITLE_LABEL": "주제",
    "COMPONENT_TITLE_LABEL": "제목",
    "COMPONENT_VIDEO_LABEL": "비디오",
    "GROUP_LAYOUT_LABEL": "레이아웃",
    "GROUP_MEDIA_LABEL": "미디어",
    "GROUP_TEXT_LABEL": "텍스트",
    "GROUP_TITLE_LABEL": "제목",
    "PROPERTY_AUTO_NUMBER_PLACEHOLDER": "자동' 또는 임의의 숫자를 입력하십시오.",
    "PROPERTY_AUTO_PLAY_LABEL": "자동 재생",
    "PROPERTY_BACKGROUND_COLOR_LABEL": "바탕 색상",
    "PROPERTY_CAPTION_BOTTOM_LEFT_OPTION": "좌하단 캡션",
    "PROPERTY_CAPTION_BOTTOM_OPTION": "하단 캡션",
    "PROPERTY_CAPTION_BOTTOM_RIGHT_OPTION": "우하단 캡션",
    "PROPERTY_CAPTION_LABEL": "캡션",
    "PROPERTY_CAPTION_NONE_OPTION": "캡션 없음",
    "PROPERTY_CAPTION_OUTSIDE_OPTION": "외부 캡션",
    "PROPERTY_CAPTION_TOP_LEFT_OPTION": "좌상단 캡션",
    "PROPERTY_CAPTION_TOP_OPTION": "상단 캡션",
    "PROPERTY_CAPTION_TOP_RIGHT_OPTION": "우상단 캡션",
    "PROPERTY_DISABLE_FULLSCREEN_LABEL": "전체 화면 비활성화 (Adobe AEM)",
    "PROPERTY_DROP_CAP_LABEL": "캡션 삭제",
    "PROPERTY_EDIT_IMAGE_LABEL": "이미지 편집",
    "PROPERTY_EMBED_CODE_LABEL": "임베디드 코드",
    "PROPERTY_EMBED_CODE_PLACEHOLDER": "여기에 임베디드 코드 붙여 넣기",
    "PROPERTY_FITTING_LABEL": "피팅",
    "PROPERTY_FIXED_BACKGROUND_LABEL": "고정 배경",
    "PROPERTY_HYPERLINK_LABEL": "하이퍼링크",
    "PROPERTY_HYPERLINK_PLACEHOLDER": "http://",
    "PROPERTY_LETTER_SPACING_LABEL": "자간",
    "PROPERTY_LINE_HEIGHT_LABEL": "줄간",
    "PROPERTY_MEDIA_PROPERTIES_LABEL": "미디어 속성",
    "PROPERTY_PLAY_ORIENTATION_HORIZONTAL_OPTION": "가로",
    "PROPERTY_PLAY_ORIENTATION_LABEL": "방향",
    "PROPERTY_PLAY_ORIENTATION_VERTICAL_OPTION": "세로",
    "PROPERTY_POSITION_LABEL": "위치:",
    "PROPERTY_POSITION_LEFT_OPTION": "왼쪽 위치",
    "PROPERTY_POSITION_MIDDLE_OPTION": "중간",
    "PROPERTY_POSITION_RIGHT_OPTION": "오른쪽",
    "PROPERTY_SHOW_FILMSTRIP_LABEL": "필름 스트립 표시",
    "PROPERTY_SLIDES_LABEL": "슬라이드",
    "PROPERTY_STYLE_DEFAULT_OPTION": "디폴트",
    "PROPERTY_TEXT_ALIGN_LABEL": "텍스트 정렬",
    "PROPERTY_VARIANT_LABEL": "스타일 변형",
    "PROPERTY_VARIANT_STYLE_OPTION": "옵션 {{0}}",
    "TEMPLATE_AUTHOR_LINK_PLACEHOLDER": "@twitter",
    "TEMPLATE_AUTHOR_LOCATION_PLACEHOLDER": "위치",
    "TEMPLATE_HEADLINE_SECTION_PLACEHOLDER": "섹션",
    "TEMPLATE_PRODUCT_DESCRIPTION_PLACEHOLDER": "제품에 대한 간단한 설명을 작성하십시오.",
    "TEMPLATE_PRODUCT_LINK_PLACEHOLDER": "www.example.com",
    "TEMPLATE_PRODUCT_PRICE_PLACEHOLDER": "제품 가격",
    "TEMPLATE_PRODUCT_TITLE_PLACEHOLDER": "제품 이름"
}
