{
    "COMPONENT_AUTHOR_LABEL": "Автор",
    "COMPONENT_BODY_LABEL": "тело",
    "COMPONENT_CONTAINER_LABEL": "Контейнер",
    "COMPONENT_CROSSHEAD_LABEL": "Заголовок раздела",
    "COMPONENT_EMBED_LABEL": "Внедрить",
    "COMPONENT_FOOTER_LABEL": "Нижний колонтитул",
    "COMPONENT_HEADLINE_LABEL": "Вводный абзац",
    "COMPONENT_HERO_LABEL": "Персонаж",
    "COMPONENT_IMAGE_LABEL": "Изображение",
    "COMPONENT_INTERACTIVE_LABEL": "Интерактивный",
    "COMPONENT_INTRO_LABEL": "вступление",
    "COMPONENT_PRODUCT_LABEL": "Продукт",
    "COMPONENT_QUOTE_LABEL": "Цитата",
    "COMPONENT_SEPARATOR_LABEL": "Разделитель",
    "COMPONENT_SLIDESHOW_LABEL": "Слайд-шоу",
    "COMPONENT_SLIDESHOW_PROPERTIES_HEADER_LABEL": "Свойства слайд-шоу",
    "COMPONENT_SOCIAL_MEDIA_LABEL": "Социальные сети",
    "COMPONENT_SUBTITLE_LABEL": "Подзаголовок",
    "COMPONENT_TITLE_LABEL": "Название",
    "COMPONENT_VIDEO_LABEL": "Видео",
    "GROUP_LAYOUT_LABEL": "Макет",
    "GROUP_MEDIA_LABEL": "Носители",
    "GROUP_TEXT_LABEL": "Текст",
    "GROUP_TITLE_LABEL": "Название",
    "PROPERTY_AUTO_NUMBER_PLACEHOLDER": "Введите 'авто' или любое число...",
    "PROPERTY_AUTO_PLAY_LABEL": "Автоматическое воспроизведение",
    "PROPERTY_BACKGROUND_COLOR_LABEL": "Цвет фона",
    "PROPERTY_CAPTION_BOTTOM_LEFT_OPTION": "Надпись внизу слева",
    "PROPERTY_CAPTION_BOTTOM_OPTION": "Надпись внизу",
    "PROPERTY_CAPTION_BOTTOM_RIGHT_OPTION": "Надпись внизу справа",
    "PROPERTY_CAPTION_LABEL": "Надпись",
    "PROPERTY_CAPTION_NONE_OPTION": "Нет надписей",
    "PROPERTY_CAPTION_OUTSIDE_OPTION": "Надпись за пределами",
    "PROPERTY_CAPTION_TOP_LEFT_OPTION": "Надпись вверху слева",
    "PROPERTY_CAPTION_TOP_OPTION": "Надпись вверху",
    "PROPERTY_CAPTION_TOP_RIGHT_OPTION": "Надпись вверху справа",
    "PROPERTY_DISABLE_FULLSCREEN_LABEL": "Отключить полноэкранный режим (Adobe AEM)",
    "PROPERTY_DROP_CAP_LABEL": "Буквица",
    "PROPERTY_EDIT_IMAGE_LABEL": "Редактировать изображение",
    "PROPERTY_EMBED_CODE_LABEL": "Код внедрения",
    "PROPERTY_EMBED_CODE_PLACEHOLDER": "Вставьте код внедрения здесь",
    "PROPERTY_FITTING_LABEL": "Масштабирование",
    "PROPERTY_FIXED_BACKGROUND_LABEL": "Фиксированный фон",
    "PROPERTY_HYPERLINK_LABEL": "Гиперссылка",
    "PROPERTY_HYPERLINK_PLACEHOLDER": "http://",
    "PROPERTY_LETTER_SPACING_LABEL": "Межзнаковый интервал",
    "PROPERTY_LINE_HEIGHT_LABEL": "Межстрочный интервал",
    "PROPERTY_MEDIA_PROPERTIES_LABEL": "Свойства носителя",
    "PROPERTY_PLAY_ORIENTATION_HORIZONTAL_OPTION": "По горизонтали",
    "PROPERTY_PLAY_ORIENTATION_LABEL": "Ориентация",
    "PROPERTY_PLAY_ORIENTATION_VERTICAL_OPTION": "По вертикали",
    "PROPERTY_POSITION_LABEL": "Положение:",
    "PROPERTY_POSITION_LEFT_OPTION": "Влево",
    "PROPERTY_POSITION_MIDDLE_OPTION": "по середине",
    "PROPERTY_POSITION_RIGHT_OPTION": "Вправо",
    "PROPERTY_SHOW_FILMSTRIP_LABEL": "Показать киноленту",
    "PROPERTY_SLIDES_LABEL": "Слайды",
    "PROPERTY_STYLE_DEFAULT_OPTION": "По умолчанию",
    "PROPERTY_TEXT_ALIGN_LABEL": "Выравнивание текста",
    "PROPERTY_VARIANT_LABEL": "Вариант стиля",
    "PROPERTY_VARIANT_STYLE_OPTION": "Параметр {{0}}",
    "TEMPLATE_AUTHOR_LINK_PLACEHOLDER": "@twitter",
    "TEMPLATE_AUTHOR_LOCATION_PLACEHOLDER": "Местоположение",
    "TEMPLATE_HEADLINE_SECTION_PLACEHOLDER": "Раздел",
    "TEMPLATE_PRODUCT_DESCRIPTION_PLACEHOLDER": "Введите краткое описание продукта.",
    "TEMPLATE_PRODUCT_LINK_PLACEHOLDER": "www.example.com",
    "TEMPLATE_PRODUCT_PRICE_PLACEHOLDER": "Цена продукта",
    "TEMPLATE_PRODUCT_TITLE_PLACEHOLDER": "Имя продукта"
}
