{
    "COMPONENT_AUTHOR_LABEL": "作者",
    "COMPONENT_BODY_LABEL": "内文",
    "COMPONENT_CONTAINER_LABEL": "容器",
    "COMPONENT_CROSSHEAD_LABEL": "小标题",
    "COMPONENT_EMBED_LABEL": "嵌入",
    "COMPONENT_FOOTER_LABEL": "页脚",
    "COMPONENT_HEADLINE_LABEL": "预告",
    "COMPONENT_HERO_LABEL": "主图",
    "COMPONENT_IMAGE_LABEL": "图片",
    "COMPONENT_INTERACTIVE_LABEL": "互动式",
    "COMPONENT_INTRO_LABEL": "序言",
    "COMPONENT_PRODUCT_LABEL": "产品",
    "COMPONENT_QUOTE_LABEL": "引用",
    "COMPONENT_SEPARATOR_LABEL": "分隔符",
    "COMPONENT_SLIDESHOW_LABEL": "幻灯片",
    "COMPONENT_SLIDESHOW_PROPERTIES_HEADER_LABEL": "幻灯片特性",
    "COMPONENT_SOCIAL_MEDIA_LABEL": "社交媒体",
    "COMPONENT_SUBTITLE_LABEL": "副标题",
    "COMPONENT_TITLE_LABEL": "标题",
    "COMPONENT_VIDEO_LABEL": "视频",
    "GROUP_LAYOUT_LABEL": "设计版面",
    "GROUP_MEDIA_LABEL": "媒体",
    "GROUP_TEXT_LABEL": "文字",
    "GROUP_TITLE_LABEL": "标题",
    "PROPERTY_AUTO_NUMBER_PLACEHOLDER": "键入“自动”或任意号码...",
    "PROPERTY_AUTO_PLAY_LABEL": "自动播放",
    "PROPERTY_BACKGROUND_COLOR_LABEL": "背景颜色",
    "PROPERTY_CAPTION_BOTTOM_LEFT_OPTION": "左下角标题",
    "PROPERTY_CAPTION_BOTTOM_OPTION": "底部标题",
    "PROPERTY_CAPTION_BOTTOM_RIGHT_OPTION": "右下角标题",
    "PROPERTY_CAPTION_LABEL": "图注",
    "PROPERTY_CAPTION_NONE_OPTION": "无标题",
    "PROPERTY_CAPTION_OUTSIDE_OPTION": "外部标题",
    "PROPERTY_CAPTION_TOP_LEFT_OPTION": "左上角标题",
    "PROPERTY_CAPTION_TOP_OPTION": "顶部标题",
    "PROPERTY_CAPTION_TOP_RIGHT_OPTION": "右上角标题",
    "PROPERTY_DISABLE_FULLSCREEN_LABEL": "禁用全屏（Adobe AEM）",
    "PROPERTY_DROP_CAP_LABEL": "段首大写",
    "PROPERTY_EDIT_IMAGE_LABEL": "编辑图像",
    "PROPERTY_EMBED_CODE_LABEL": "嵌入代码",
    "PROPERTY_EMBED_CODE_PLACEHOLDER": "在这里粘贴嵌入代码",
    "PROPERTY_FITTING_LABEL": "配件",
    "PROPERTY_FIXED_BACKGROUND_LABEL": "固定背景",
    "PROPERTY_HYPERLINK_LABEL": "超链接",
    "PROPERTY_HYPERLINK_PLACEHOLDER": "http://",
    "PROPERTY_LETTER_SPACING_LABEL": "字符间距",
    "PROPERTY_LINE_HEIGHT_LABEL": "行间距",
    "PROPERTY_MEDIA_PROPERTIES_LABEL": "媒体属性",
    "PROPERTY_PLAY_ORIENTATION_HORIZONTAL_OPTION": "水平",
    "PROPERTY_PLAY_ORIENTATION_LABEL": "方向",
    "PROPERTY_PLAY_ORIENTATION_VERTICAL_OPTION": "垂直",
    "PROPERTY_POSITION_LABEL": "位置:",
    "PROPERTY_POSITION_LEFT_OPTION": "左面",
    "PROPERTY_POSITION_MIDDLE_OPTION": "居中",
    "PROPERTY_POSITION_RIGHT_OPTION": "居右",
    "PROPERTY_SHOW_FILMSTRIP_LABEL": "幻灯片播放",
    "PROPERTY_SLIDES_LABEL": "幻灯片",
    "PROPERTY_STYLE_DEFAULT_OPTION": "缺省",
    "PROPERTY_TEXT_ALIGN_LABEL": "文本对齐",
    "PROPERTY_VARIANT_LABEL": "样式变量",
    "PROPERTY_VARIANT_STYLE_OPTION": "选项 {{0}}",
    "TEMPLATE_AUTHOR_LINK_PLACEHOLDER": "@twitter",
    "TEMPLATE_AUTHOR_LOCATION_PLACEHOLDER": "位置",
    "TEMPLATE_HEADLINE_SECTION_PLACEHOLDER": "栏目",
    "TEMPLATE_PRODUCT_DESCRIPTION_PLACEHOLDER": "写下简短的产品描述。",
    "TEMPLATE_PRODUCT_LINK_PLACEHOLDER": "www.example.com",
    "TEMPLATE_PRODUCT_PRICE_PLACEHOLDER": "产品价格",
    "TEMPLATE_PRODUCT_TITLE_PLACEHOLDER": "产品名称"
}
