{
    "COMPONENT_AUTHOR_LABEL": "作者",
    "COMPONENT_BODY_LABEL": "內文",
    "COMPONENT_CONTAINER_LABEL": "容器",
    "COMPONENT_CROSSHEAD_LABEL": "十字",
    "COMPONENT_EMBED_LABEL": "鑲嵌",
    "COMPONENT_FOOTER_LABEL": "頁角",
    "COMPONENT_HEADLINE_LABEL": "內容摘要",
    "COMPONENT_HERO_LABEL": "Hero",
    "COMPONENT_IMAGE_LABEL": "圖像",
    "COMPONENT_INTERACTIVE_LABEL": "互動",
    "COMPONENT_INTRO_LABEL": "序言",
    "COMPONENT_PRODUCT_LABEL": "產品",
    "COMPONENT_QUOTE_LABEL": "引用",
    "COMPONENT_SEPARATOR_LABEL": "分隔符",
    "COMPONENT_SLIDESHOW_LABEL": "幻燈片",
    "COMPONENT_SLIDESHOW_PROPERTIES_HEADER_LABEL": "幻燈片屬性",
    "COMPONENT_SOCIAL_MEDIA_LABEL": "Social Media",
    "COMPONENT_SUBTITLE_LABEL": "附標題",
    "COMPONENT_TITLE_LABEL": "標題",
    "COMPONENT_VIDEO_LABEL": "Video",
    "GROUP_LAYOUT_LABEL": "版面",
    "GROUP_MEDIA_LABEL": "媒體",
    "GROUP_TEXT_LABEL": "文字",
    "GROUP_TITLE_LABEL": "標題",
    "PROPERTY_AUTO_NUMBER_PLACEHOLDER": "輸入 ‘auto’ 或任何數字...",
    "PROPERTY_AUTO_PLAY_LABEL": "自動播放",
    "PROPERTY_BACKGROUND_COLOR_LABEL": "背景顏色",
    "PROPERTY_CAPTION_BOTTOM_LEFT_OPTION": "左下角文字說明",
    "PROPERTY_CAPTION_BOTTOM_OPTION": "底部文字說明",
    "PROPERTY_CAPTION_BOTTOM_RIGHT_OPTION": "右下角文字說明",
    "PROPERTY_CAPTION_LABEL": "圖注",
    "PROPERTY_CAPTION_NONE_OPTION": "無文字說明",
    "PROPERTY_CAPTION_OUTSIDE_OPTION": "外部文字說明",
    "PROPERTY_CAPTION_TOP_LEFT_OPTION": "左上方文字說明",
    "PROPERTY_CAPTION_TOP_OPTION": "上方文字說明",
    "PROPERTY_CAPTION_TOP_RIGHT_OPTION": "右上方文字說明",
    "PROPERTY_DISABLE_FULLSCREEN_LABEL": "禁用全屏 (Adobe AEM)",
    "PROPERTY_DROP_CAP_LABEL": "Drop cap",
    "PROPERTY_EDIT_IMAGE_LABEL": "編輯影像",
    "PROPERTY_EMBED_CODE_LABEL": "嵌入代碼",
    "PROPERTY_EMBED_CODE_PLACEHOLDER": "在此粘貼嵌入代碼",
    "PROPERTY_FITTING_LABEL": "合適",
    "PROPERTY_FIXED_BACKGROUND_LABEL": "固定背景",
    "PROPERTY_HYPERLINK_LABEL": "超連結",
    "PROPERTY_HYPERLINK_PLACEHOLDER": "http://",
    "PROPERTY_LETTER_SPACING_LABEL": "字元間距",
    "PROPERTY_LINE_HEIGHT_LABEL": "行間距",
    "PROPERTY_MEDIA_PROPERTIES_LABEL": "媒體屬性",
    "PROPERTY_PLAY_ORIENTATION_HORIZONTAL_OPTION": "橫式",
    "PROPERTY_PLAY_ORIENTATION_LABEL": "適應",
    "PROPERTY_PLAY_ORIENTATION_VERTICAL_OPTION": "直式",
    "PROPERTY_POSITION_LABEL": "位置:",
    "PROPERTY_POSITION_LEFT_OPTION": "左面",
    "PROPERTY_POSITION_MIDDLE_OPTION": "居中",
    "PROPERTY_POSITION_RIGHT_OPTION": "右",
    "PROPERTY_SHOW_FILMSTRIP_LABEL": "顯示縮圖",
    "PROPERTY_SLIDES_LABEL": "幻燈片",
    "PROPERTY_STYLE_DEFAULT_OPTION": "設定",
    "PROPERTY_TEXT_ALIGN_LABEL": "文本對齊",
    "PROPERTY_VARIANT_LABEL": "樣式變異",
    "PROPERTY_VARIANT_STYLE_OPTION": "選項 {{0}}",
    "TEMPLATE_AUTHOR_LINK_PLACEHOLDER": "@twitter",
    "TEMPLATE_AUTHOR_LOCATION_PLACEHOLDER": "當時",
    "TEMPLATE_HEADLINE_SECTION_PLACEHOLDER": "章節",
    "TEMPLATE_PRODUCT_DESCRIPTION_PLACEHOLDER": "寫下簡短的產品描述.",
    "TEMPLATE_PRODUCT_LINK_PLACEHOLDER": "www.example.com",
    "TEMPLATE_PRODUCT_PRICE_PLACEHOLDER": "產品價格",
    "TEMPLATE_PRODUCT_TITLE_PLACEHOLDER": "產品名稱"
}
